1,"Make It With You",Ben&Ben,279776,https://open.spotify.com/track/2Mo4pOpCYXOu33856sMQLh
2,Imahe,"Magnus Haven",270367,https://open.spotify.com/track/65sEZZaxTjLMD8vNgPoMz5
3,Catriona,Matthaios,254467,https://open.spotify.com/track/4YMfE4r1JWADFw2Fn74XW2
4,Yummy,"Justin Bieber",238235,https://open.spotify.com/track/41L3O37CECZt3N7ziG2z7l
5,Pagtingin,Ben&Ben,232770,https://open.spotify.com/track/5l9g7py8RCblcvbZgGQgSd
6,Memories,"Maroon 5",212617,https://open.spotify.com/track/2b8fOow8UzyDFAE27YhOZM
7,"10,000 Hours (with Justin Bieber)","Dan + Shay",194225,https://open.spotify.com/track/2wrJq5XKLnmhRXHIAf9xBa
8,"Vibe With Me",Matthaios,194070,https://open.spotify.com/track/0G5qmu4TsdUH19zdcbI9Ui
9,ROXANNE,"Arizona Zervas",187119,https://open.spotify.com/track/696DnlkuDOXcMAnKlTgXXK
10,"Don't Start Now","Dua Lipa",180109,https://open.spotify.com/track/6WrI0LAC5M1Rw2MnX2ZvEg
11,"Hindi Tayo Pwede","The Juans",176147,https://open.spotify.com/track/6VqZS3Wmf53pbfDBVEYvnP
12,"Masyado Pang Maaga",Ben&Ben,168240,https://open.spotify.com/track/0luyrm1L6gjtoLekHOf67t
13,"Someone You Loved","Lewis Capaldi",167525,https://open.spotify.com/track/7qEHsqek33rTcFNT9PFqLf
14,"I Want You Back",Matthaios,165684,https://open.spotify.com/track/5jLUKFlEJzOf6b6PCaohFI
15,"Mean It",Lauv,155609,https://open.spotify.com/track/2uiOyiRxtNix52dpeaDQPM
16,"Binalewala - Original Version","Michael Dutchi Libranda",150172,https://open.spotify.com/track/2tR5liucorXRwduxr0qEx6
17,"Kathang Isip",Ben&Ben,146425,https://open.spotify.com/track/3WUEs51GpcvlgU7lehLgLh
18,Ivana,Soulstice,146337,https://open.spotify.com/track/5bSvsXRBUjGe8pGScU0hPz
19,Intentions,"Justin Bieber",137044,https://open.spotify.com/track/364dI1bYnvamSnBJ8JcNzN
20,Circles,"Post Malone",135740,https://open.spotify.com/track/21jGcNKet2qwijlDFuPiPb
21,Falling,"Trevor Daniel",134469,https://open.spotify.com/track/4TnjEaWOeW0eKTKIEvJyCa
22,"Sa Susunod Na Lang",PDL,132731,https://open.spotify.com/track/34ob61cxp34Sf7KHK6RnSU
23,Zebbiana,"Skusta Clee",124108,https://open.spotify.com/track/6IdEQ3HUseBeRUYFSzSMdL
24,"Dance Monkey","Tones and I",123554,https://open.spotify.com/track/1rgnBhdG2JDFTbYkYRZAku
25,"Maybe The Night",Ben&Ben,122658,https://open.spotify.com/track/1yDiru08Q6omDOGkZMPnei
26,Tala,"Sarah Geronimo",120487,https://open.spotify.com/track/4T7CM071eEoHudiDShZlCJ
27,"Neneng B","Nik Makino",120039,https://open.spotify.com/track/0BaMZMMEG7GWrUYsoGw8Yg
28,Araw-Araw,Ben&Ben,118994,https://open.spotify.com/track/4rG3h1QwgjSSWz8EIjCFrm
29,"Huling Sandali (Tayo Sa Huling Buwan Ng Taon Official Soundtrack)","December Avenue",116083,https://open.spotify.com/track/24ngpWhBOxKJtIPnzSNX8c
30,"Beautiful People (feat. Khalid)","Ed Sheeran",113469,https://open.spotify.com/track/70eFcWOvlMObDhURTqT4Fv
31,"It's You","Ali Gatie",110284,https://open.spotify.com/track/5DqdesEfbRyOlSS3Tf6c29
32,comethru,"Jeremy Zucker",108085,https://open.spotify.com/track/18uwL0vNUanqZH0ro2QcOP
33,"Get You The Moon (feat. Snøw)",Kina,106938,https://open.spotify.com/track/4ZLzoOkj0MPWrTLvooIuaa
34,Sana,"I Belong to the Zoo",106898,https://open.spotify.com/track/1X4l4i472kW5ofFP8Xo0x0
35,"Yellow Hearts","Ant Saunders",105279,https://open.spotify.com/track/2W4yABdLc4Jnds67Poi5Nl
36,Sanctuary,Joji,103001,https://open.spotify.com/track/3xaugmCyXrVkrDTXbFkMW3
37,"Can We Kiss Forever?",Kina,96537,https://open.spotify.com/track/58wyJLv6yH1La9NIZPl3ne
38,Rare,"Selena Gomez",96198,https://open.spotify.com/track/7HMmFQsKsljwTw8bS7lu19
39,I.F.L.Y.,Bazzi,95496,https://open.spotify.com/track/4a6q8CR2hzLk2plDkSxkfD
40,"Kung 'Di Rin Lang Ikaw","December Avenue",93829,https://open.spotify.com/track/2BgD4nRyx9EZ5o8YEnjRSV
41,Changes,Lauv,92382,https://open.spotify.com/track/029B34AzPVXzOQCyaJpkdH
42,"Ayy Macarena",Tyga,92002,https://open.spotify.com/track/6LcauUZjF1eXQrgqMUecHX
43,"Black Swan",BTS,90818,https://open.spotify.com/track/24NuEDgyRIljwSyY0lsr7b
44,"Godzilla (feat. Juice WRLD)",Eminem,89184,https://open.spotify.com/track/7FIWs0pqAYbP91WWM0vlTQ
45,"Blinding Lights","The Weeknd",88043,https://open.spotify.com/track/0sf12qNH5qcw8qpgymFOqD
46,Dalaga,Arvey,87679,https://open.spotify.com/track/3iZB3VUDerY5P96rhBKwKr
47,Physical,"Dua Lipa",86923,https://open.spotify.com/track/5px6upUHM3fhOP621Edp4V
48,"Tattoos Together",Lauv,86299,https://open.spotify.com/track/0ycFQvBTfuo1LCdG0HhszL
49,Psycho,"Red Velvet",79708,https://open.spotify.com/track/3CYH422oy1cZNoo0GTG1TK
50,"Sa Ngalan Ng Pag-Ibig","December Avenue",79479,https://open.spotify.com/track/00mBzIWv5gHOYxwuEJXjOG
51,"Make It Right (feat. Lauv)",BTS,78211,https://open.spotify.com/track/314ZkcV7oLWG8yWE7LABvH
52,"The Box","Roddy Ricch",71959,https://open.spotify.com/track/0nbXyq5TXYPCO7pr3N8S4I
53,"Know Your Worth",Khalid,71616,https://open.spotify.com/track/0TrPqhAMoaKUFLR7iYDokf
54,"Miracle Nights",ALLMO$T,71449,https://open.spotify.com/track/3sWLOFGI7dNN6YBM1m1RKB
55,Leaves,Ben&Ben,68566,https://open.spotify.com/track/6wdCelHrPh7UfliNjwRTUv
56,Dahan,"December Avenue",66776,https://open.spotify.com/track/6BxJLJw228OY5BFerPGl7z
57,"Kahit Ayaw Mo Na","This Band",65124,https://open.spotify.com/track/58grXgbCj7t5ulr0TGLIr9
58,Señorita,"Shawn Mendes",63299,https://open.spotify.com/track/6v3KW9xbzN5yKLt9YKDYA2
59,Lexi,"Nik Makino",61529,https://open.spotify.com/track/5LZqOdfYUXunyhHmPqGI6j
60,"I Don't Care (with Justin Bieber)","Ed Sheeran",61416,https://open.spotify.com/track/0hVXuCcriWRGvwMV1r5Yn9
61,"Lose You To Love Me","Selena Gomez",61140,https://open.spotify.com/track/4l0Mvzj72xxOpRrp6h8nHi
62,"everything i wanted","Billie Eilish",60843,https://open.spotify.com/track/3ZCTVFBt2Brf31RLEnCkWJ
63,Run,Joji,60165,https://open.spotify.com/track/6p8eEdiZLKJH8tcjGZuNTK
64,"Any song",Zico,59672,https://open.spotify.com/track/1iIhGHzzrzqQfuNkFI2qAn
65,Nobela,"Julie Anne San Jose",58635,https://open.spotify.com/track/507wQHSkMb1MFJfN2fjpMQ
66,"Hindi Na Nga","This Band",58366,https://open.spotify.com/track/2RgD3eO4IIGF16rR8Ch8OV
67,"I Like Me Better",Lauv,57464,https://open.spotify.com/track/2P91MQbaiQOfbiz9VqhqKQ
68,"Malibu Nights",LANY,55318,https://open.spotify.com/track/0Eqg0CQ7bK3RQIMPw1A7pl
69,"Alam Ko","John Roa",54938,https://open.spotify.com/track/5JfXvkPqBWrTUBb1OWs1mU
70,"Your Song","Parokya Ni Edgar",54422,https://open.spotify.com/track/3OpGUlDmRUXh0NkIYWoIlD
71,"Ikaw At Ako","Moira Dela Torre",54031,https://open.spotify.com/track/0gDRtumoR9ZrvAlnniToMz
72,"Say So","Doja Cat",53679,https://open.spotify.com/track/3Dv1eDb0MEgF93GpLXlucZ
73,"bad guy","Billie Eilish",52599,https://open.spotify.com/track/2Fxmhks0bxGSBdJ92vM42m
74,"What A Man Gotta Do","Jonas Brothers",52197,https://open.spotify.com/track/4wNIkl5XGiAACjFBlDWuSd
75,Nobela,"Join The Club",51138,https://open.spotify.com/track/3vGkyQlCw8LklNip0ZUELC
76,"Sunflower - Spider-Man: Into the Spider-Verse","Post Malone",50922,https://open.spotify.com/track/0RiRZpuVRbi7oqRdSMwhQY
77,2002,Anne-Marie,50449,https://open.spotify.com/track/2BgEsaKNfHUdlh97KmvFyo
78,Buwan,"juan karlos",49976,https://open.spotify.com/track/5f9808hpiCpuNyqqdXmpF2
79,Mundo,"IV Of Spades",49967,https://open.spotify.com/track/4u8RkgV6P4TLi89SmlUtv8
80,"Balang Araw","I Belong to the Zoo",49869,https://open.spotify.com/track/5NXdUJ3Z2jhlp2u1cj6f7m
81,"Say You Won't Let Go","James Arthur",48949,https://open.spotify.com/track/5uCax9HTNlzGybIStD3vDh
82,"Life Is Good (feat. Drake)",Future,48342,https://open.spotify.com/track/5yY9lUy8nbvjM1Uyo1Uqoc
83,"Only The Young - Featured in Miss Americana","Taylor Swift",48203,https://open.spotify.com/track/2slqvGLwzZZYsT4K4Y1GBC
84,"Bagay Tayo",ALLMO$T,46427,https://open.spotify.com/track/2mwd0LWLBgtQBEOLG96nbU
85,"The Day You Said Goodnight",Hale,46010,https://open.spotify.com/track/0HZ3OUVrGHxttD2EuHqRm3
86,"Kahit Di Mo Alam","December Avenue",45205,https://open.spotify.com/track/6GIzDc4xBUeYHwubWwTrhC
87,Lover,"Taylor Swift",45198,https://open.spotify.com/track/1dGr1c8CrMLDpV6mPbImSI
88,"Adore You","Harry Styles",44791,https://open.spotify.com/track/3jjujdWJ72nww5eGnfs2E7
89,"Best Part (feat. Daniel Caesar)",H.E.R.,44442,https://open.spotify.com/track/4OBZT9EnhYIV17t4pGw7ig
90,"Too Good At Goodbyes","Sam Smith",44367,https://open.spotify.com/track/1mXVgsBdtIVeCLJnSnmtdV
91,Paalam,"Moira Dela Torre",44305,https://open.spotify.com/track/22AZDYG6qrjMFg0ceeL9X6
92,"Tell Me Where It Hurts",MYMP,43485,https://open.spotify.com/track/6C2nrsOlb3jOUGcJAmPrTA
93,"You should be sad",Halsey,43409,https://open.spotify.com/track/7lidXGPXPYLNThITAOTlkK
94,"Hanggang Kailan - Umuwi Ka Na Baby","Orange & Lemons",42737,https://open.spotify.com/track/5UhpceEr5XmbVwyoIUIRnh
95,Rainbow,"South Border",42465,https://open.spotify.com/track/3ueq4reab02CypseErxvwS
96,"Ride Home",Ben&Ben,42002,https://open.spotify.com/track/1fXHTDYsJiFOjVWITaFp1j
97,"With a Smile","South Border",41924,https://open.spotify.com/track/6XmskR1cMfgys1W7dExmgi
98,SUGAR,BROCKHAMPTON,41797,https://open.spotify.com/track/6U0FIYXCQ3TGrk4tFpLrEA
99,Bulong,"December Avenue",41749,https://open.spotify.com/track/5nMKJJ5Rl6X1yn58aVeICO
100,"Boy With Luv (feat. Halsey)",BTS,41447,https://open.spotify.com/track/5KawlOMHjWeUjQtnuRs22c
101,"Bakit Ba Ikaw","Michael Pangilinan",40951,https://open.spotify.com/track/0Vmk6Ebk4QBq7r0VAz2a6s
102,"ME! (feat. Brendon Urie of Panic! At The Disco)","Taylor Swift",40425,https://open.spotify.com/track/2Rk4JlNc2TPmZe2af99d45
103,214,Rivermaya,40036,https://open.spotify.com/track/7gZ3kWNtIxFgxjsm5OTVMB
104,"Kung Wala Ka",Hale,39911,https://open.spotify.com/track/4JSDhJVmo2UqdF7nxbyenn
105,Feelings,Lauv,39880,https://open.spotify.com/track/3TnhEoToeS6EUCLYsU8tPW
106,Walwal,"VVS Collective",39699,https://open.spotify.com/track/1k2sk3NuZxy06Os3KTAnA2
107,"Pauwi Nako",PDL,39643,https://open.spotify.com/track/2tzAN1L07SNwnOdgOEeuQr
108,"Before You Go","Lewis Capaldi",39074,https://open.spotify.com/track/2gMXnyrvIjhVBUZwvLZDMP
109,"Ikaw Lang",Kiyo,39060,https://open.spotify.com/track/2kRjoaqiyeS0Faus5wKztH
110,"Patawad, Paalam","Moira Dela Torre",38801,https://open.spotify.com/track/14BG5B1EJSCyNpZt096xXc
111,"My Oh My (feat. DaBaby)","Camila Cabello",38641,https://open.spotify.com/track/3yOlyBJuViE2YSGn3nVE1K
112,"I Need You More Today","Caleb Santos",37938,https://open.spotify.com/track/761frfZtZ8I2g70UsjFfBK
113,"Feel Special",TWICE,37813,https://open.spotify.com/track/14rWuS6yllHOdfZ8sZsZUj
114,Tagpuan,"Moira Dela Torre",37715,https://open.spotify.com/track/0ztDBQdQmdVZvorSmIjMih
115,"fuck, i'm lonely - from “13 Reasons Why: Season 3”",Lauv,37645,https://open.spotify.com/track/2B7oyUTr2pCsUqPy4bgiYB
116,"No Shame","5 Seconds of Summer",37469,https://open.spotify.com/track/5JSVa5i6lFPoyOzK4gj0Ox
117,"What If I Told You That I Love You","Ali Gatie",37230,https://open.spotify.com/track/3cqPu20DGTGUoZtbJH2Dmi
118,"Love Someone","Lukas Graham",37205,https://open.spotify.com/track/0OCRwXbQRdOZ1OtB4Imsp1
119,"thank u, next","Ariana Grande",35976,https://open.spotify.com/track/3e9HZxeyfWwjeyPAMmWSSQ
120,"Till My Heartaches End - From ""The Significant Other""","KZ Tandingan",35694,https://open.spotify.com/track/4isDU5tDNqFLQ5xQ9NgPmz
121,"ILYSB - STRIPPED",LANY,35671,https://open.spotify.com/track/3Dkvp3L4w0uJFYfIPa8E9H
122,"Lover (Remix) [feat. Shawn Mendes]","Taylor Swift",35599,https://open.spotify.com/track/3i9UVldZOE0aD0JnyfAZZ0
123,"How Do You Sleep?","Sam Smith",35484,https://open.spotify.com/track/6b2RcmUt1g9N9mQ3CbjX2Y
124,"Shape of My Heart","Backstreet Boys",35413,https://open.spotify.com/track/35o9a4iAfLl5jRmqMX9c1D
125,"Nobody Knows",Russ,35197,https://open.spotify.com/track/1pNAf6W7POwjOD8x8mWf8G
126,"Urong Sulong","Alisson Shore",35046,https://open.spotify.com/track/2KoWHNtJrbE0WxWfQjYjyu
127,Stickwitu,"The Pussycat Dolls",35046,https://open.spotify.com/track/4NjR63Up0uMkQBlKvlZd1l
128,"You Need To Calm Down","Taylor Swift",34850,https://open.spotify.com/track/6RRNNciQGZEXnqk8SQ9yv5
129,"i'm so tired...",Lauv,34502,https://open.spotify.com/track/6uiz2UTi8yaPVd9A1OxxTW
130,Tadhana,"Up Dharma Down",34277,https://open.spotify.com/track/6NFKf8vBApSvtzkapYmnVR
131,"You Are The Reason","Calum Scott",33965,https://open.spotify.com/track/69vToJ9BMbbLlFZo7k7A7B
132,Magbalik,Callalily,33514,https://open.spotify.com/track/5zMR44ZH4KVZj4FlhTj3SE
133,"Sa Dulo Ng Walang Hanggan - Sa Ngalan Ng Pag-Ibig Piano Version","December Avenue",33411,https://open.spotify.com/track/1mTROTnvFi7uxGciL319Kb
134,"Relationship (feat. Future)","Young Thug",33232,https://open.spotify.com/track/25oOaleife6E2MIKmFkPvg
135,Repeat,"Al James",32951,https://open.spotify.com/track/011GTFfE8rqTRMhz5g8IAW
136,"She Will Be Loved - Radio Mix","Maroon 5",32911,https://open.spotify.com/track/4llK75pXNWZz6KAho2Gp16
137,Mabagal,"Daniel Padilla",32862,https://open.spotify.com/track/07JZJ9YJRaiUAz9Bv8wgwH
138,"Just the Way You Are","Bruno Mars",32632,https://open.spotify.com/track/7BqBn9nzAq8spo5e7cZ0dJ
139,Someday,Nina,32380,https://open.spotify.com/track/1MkiRsYBkXbXvdiYvTTiQT
140,Migraine,Moonstar88,32350,https://open.spotify.com/track/7sW3f7PqDV7BQ7qqeVBJIA
141,Lucky,"Jason Mraz",32306,https://open.spotify.com/track/2qLMf6TuEC3ruGJg4SMMN6
142,"Without Me",Halsey,32271,https://open.spotify.com/track/6FZDfxM3a3UCqtzo5pxSLZ
143,"Make You Mine",PUBLIC,32255,https://open.spotify.com/track/5iFwAOB2TFkPJk8sMlxP8g
144,"You're Still The One","Shania Twain",32248,https://open.spotify.com/track/6sU3YUz0Ld3OPFmrnxlpzD
145,"Talk (feat. Disclosure)",Khalid,32206,https://open.spotify.com/track/6TqXcAFInzjp0bODyvrWEq
146,"Girls Like You (feat. Cardi B)","Maroon 5",31884,https://open.spotify.com/track/7fa9MBXhVfQ8P8Df9OEbD8
147,"Thick And Thin",LANY,31876,https://open.spotify.com/track/3D110t9ctcoOoylXsc3iR8
148,"What Am I","Why Don't We",31725,https://open.spotify.com/track/0TMGV2zMZXOILVtQLtkI3G
149,"Goodbyes (Feat. Young Thug)","Post Malone",31406,https://open.spotify.com/track/6vBdBCoOhKHiYDDOcorfNo
150,IDGAF,"Dua Lipa",31355,https://open.spotify.com/track/76cy1WJvNGJTj78UqeA5zr
151,FANCY,TWICE,31024,https://open.spotify.com/track/2FXd6kKCtBIc6UfN1gH1pA
152,"Ang Huling El Bimbo",Eraserheads,30927,https://open.spotify.com/track/135ggzbjOogZ75IQ0LQi8r
153,"This I Promise You",*NSYNC,30885,https://open.spotify.com/track/46n2EGFnPC3tzWCN1Aqe26
154,"So Sick",Ne-Yo,30773,https://open.spotify.com/track/6brl7bwOHmGFkNw3MBqssT
155,Weak,"Khel Pangilinan",30686,https://open.spotify.com/track/06cUybZMETs4i3yQO1f7p3
156,"Thru These Tears",LANY,30646,https://open.spotify.com/track/7GbAp0HKPQW7WnFJAzMoRk
157,"DUN DUN",EVERGLOW,30566,https://open.spotify.com/track/3CyCjgTHFzqucmECajq8QA
158,"If I Can't Have You","Shawn Mendes",30534,https://open.spotify.com/track/2bT1PH7Cw3J9p3t7nlXCdh
159,"Before I Let You Go",Freestyle,30390,https://open.spotify.com/track/5T8bLnWG8sg9ER8RKNZbCB
160,"Dating Tayo","TJ Monterde",30294,https://open.spotify.com/track/267RumTt5KeLBGl2KWxBL0
161,"You And Me",Lifehouse,30286,https://open.spotify.com/track/0815caqt2Lytro5EIzMufT
162,"Beautiful (feat. Camila Cabello)",Bazzi,29956,https://open.spotify.com/track/4VUwkH455At9kENOfzTqmF
163,"Dancing With A Stranger (with Normani)","Sam Smith",29938,https://open.spotify.com/track/6Qs4SXO9dwPj5GKvVOv8Ki
164,"Rewrite The Stars","Zac Efron",29910,https://open.spotify.com/track/630sXRhIcfwr2e4RdNtjKN
165,"Never Really Over","Katy Perry",29694,https://open.spotify.com/track/5PYQUBXc7NYeI1obMKSJK0
166,"Pasensya Ka Na","Silent Sanctuary",29651,https://open.spotify.com/track/0YyM8aEdbjGfLWPn6fdcn7
167,"'Di Na Babalik","This Band",29524,https://open.spotify.com/track/7hoP5NDUXEbmOawvEAsi8h
168,ILYSB,LANY,29505,https://open.spotify.com/track/2btKtacOXuMtC9WjcNRvAA
169,"SLOW DANCING IN THE DARK",Joji,29302,https://open.spotify.com/track/0rKtyWc8bvkriBthvHKY8d
170,"Kill This Love",BLACKPINK,29200,https://open.spotify.com/track/4pUCKHjJ4Ijewc37rRrvHn
171,"Your Song (My One and Only You)","Julie Anne San Jose",29179,https://open.spotify.com/track/5Seh4HfqT1mFnRJQswqz51
172,Happier,Marshmello,28742,https://open.spotify.com/track/2dpaYNEQHiRxtZbfNsse99
173,"Take A Bow",Rihanna,28735,https://open.spotify.com/track/39afswHs17v53znQm1gDTY
174,lowkey,NIKI,28714,https://open.spotify.com/track/5TTXEcfsYLh6fTarLaevTi
175,"7 rings","Ariana Grande",28693,https://open.spotify.com/track/6ocbgoVGwYJhOv1GgI9NsF
176,"I'm Yours","Jason Mraz",28666,https://open.spotify.com/track/3S0OXQeoh0w6AY8WQVckRW
177,13,LANY,28584,https://open.spotify.com/track/0WOvSEVpUGkNufX0w0M06F
178,LATINA,"Al James",28505,https://open.spotify.com/track/6Fh0xf6gIgBJ5FyjAZmmI8
179,Bibingka,Ben&Ben,28317,https://open.spotify.com/track/3nmRSlzR7xtAo95GjfIahZ
180,"I Don't Wanna Love You Anymore",LANY,28296,https://open.spotify.com/track/7ArrTJ1LwcGAlEO65LUQ7i
181,"The Weekend - Funk Wav Remix",SZA,28295,https://open.spotify.com/track/0P6AWOA4LG1XOctzaVu5tt
182,"Nandyan Agad Ako","Ex Battalion",28165,https://open.spotify.com/track/6BZLjTOKBPqhq4xpOLkjrp
183,"It Might Be You - Theme from Everyday I Love You","Michael Pangilinan",27665,https://open.spotify.com/track/4FdQYoWFym37QDQ2GkEHi1
184,Perfect,"Ed Sheeran",27448,https://open.spotify.com/track/0tgVpDi06FyKpA1z0VMD4v
185,"Nang Iwan","This Band",27309,https://open.spotify.com/track/7Livy729zY16jBsppfYLRW
186,Hiling,"Mark Carpio",27112,https://open.spotify.com/track/6xQs6y6CpDqK9VKCktApEL
187,Photograph,"Ed Sheeran",27088,https://open.spotify.com/track/6fxVffaTuwjgEk5h9QyRjy
188,"The Man","Taylor Swift",26852,https://open.spotify.com/track/3RauEVgRgj1IuWdJ9fDs70
189,"Like I'm Gonna Lose You (feat. John Legend)","Meghan Trainor",26787,https://open.spotify.com/track/2YlZnw2ikdb837oKMKjBkW
190,"Beautiful Soul","Jesse McCartney",26764,https://open.spotify.com/track/1HwpWwa6bnqqRhK8agG4RS
191,"Super Far",LANY,26754,https://open.spotify.com/track/15ahYSiHAIMxAnujlXVtta
192,Iris,"The Goo Goo Dolls",26673,https://open.spotify.com/track/6Qyc6fS4DsZjB2mRW9DsQs
193,"Ikaw Lamang","Silent Sanctuary",26647,https://open.spotify.com/track/2v5VIWMjZxeiG52KckiXxS
194,"Blank Space","Taylor Swift",26617,https://open.spotify.com/track/1u8c2t2Cy7UBoG4ArRcF5g
195,"My Boo",Usher,26445,https://open.spotify.com/track/68vgtRHr7iZHpzGpon6Jlo
196,Birthday,Anne-Marie,26424,https://open.spotify.com/track/5hff5RQeE84pznOt8WEWeO
197,"when the party's over","Billie Eilish",26403,https://open.spotify.com/track/43zdsphuZLzwA9k4DJhU0I
198,Ex,Callalily,26391,https://open.spotify.com/track/0GHwNr0lqf8jpc9wesmnHo
199,"Fall for You (Acoustic)","Secondhand Serenade",26171,https://open.spotify.com/track/5V7mTIcXVU9k2JNu0mE6vy
200,"Mitsa (Salamat)",Ben&Ben,26123,https://open.spotify.com/track/1PUWUlqe6m5HqX754lN3Bs
